{"cameraMode":{"drawMode":0,"name":"Shaded","section":"Shading Mode"},"sceneLighting":true,"audioPlay":false,"sceneViewState":{"showFog":true,"showMaterialUpdate":false,"showSkybox":true,"showFlares":true,"showImageEffects":true,"showParticleSystems":true,"showVisualEffectGraphs":true,"m_FxEnabled":false},"in2DMode":false,"pivot":{"x":-8.391451835632325,"y":13.177764892578125,"z":0.8284282684326172},"rotation":{"x":-0.033806636929512027,"y":0.9583868384361267,"z":-0.25289881229400637,"w":-0.12811456620693208},"size":8.416522026062012,"orthographic":false}