{"cameraMode":{"drawMode":0,"name":"Shaded","section":"Shading Mode"},"sceneLighting":false,"audioPlay":false,"sceneViewState":{"showFog":true,"showMaterialUpdate":false,"showSkybox":false,"showFlares":true,"showImageEffects":true,"showParticleSystems":true,"showVisualEffectGraphs":true,"m_FxEnabled":true},"in2DMode":false,"pivot":{"x":0.0968770980834961,"y":1.3972158432006837,"z":0.14831535518169404},"rotation":{"x":-0.08829309046268463,"y":0.6909199953079224,"z":-0.08563115447759628,"w":-0.7123929262161255},"size":2.1247448921203615,"orthographic":false}